{
  "categorys" : [ {
    "categoryName" : "Salads",
    "id" : "26581",
    "menuItems" : [ {
      "description" : "",
      "id" : "94302",
      "large-image" : "img/menu/menu_5@2x.jpg",
      "name" : "Healthy Fruits-nuts Salad",
      "position" : 1,
      "price" : 90.0,
      "small-image" : "img/menu/menu_5.jpg",
      "tax" : 5
    }, {
      "description" : "",
      "id" : "94303",
      "large-image" : "img/menu/menu_6@2x.jpg",
      "name" : "Asparagus Salad with Crispy Egg",
      "position" : 1,
      "price" : 60.0,
      "small-image" : "img/menu/menu_6.jpg",
      "tax" : 5
    } ],
    "position" : "1"
  }, {
    "categoryName" : "Soups",
    "id" : "26582",
    "menuItems" : [ {
      "description" : "",
      "id" : "94401",
      "large-image" : "img/menu/menu_7@2x.jpg",
      "name" : "Cream Pumpkin Soup",
      "position" : 1,
      "price" : 70.0,
      "small-image" : "img/menu/menu_7.jpg",
      "tax" : 5
    }, {
      "description" : "",
      "id" : "94402",
      "large-image" : "img/menu/menu_11@2x.jpeg",
      "name" : "Classic Chicken Soup",
      "position" : 2,
      "price" : 120.0,
      "small-image" : "img/menu/menu_11.jpeg",
      "tax" : 5
    }, {
      "description" : "",
      "id" : "94403",
      "large-image" : "img/menu/menu_6@2x.jpeg",
      "name" : "Hearty Vegetable and Bean Soup",
      "position" : 3,
      "price" : 60.0,
      "small-image" : "img/menu/menu_12.jpeg",
      "tax" : 5
    } ],
    "position" : "2"
  }, {
    "categoryName" : "Main Course",
    "id" : "26583",
    "menuItems" : [ {
      "description" : "",
      "id" : "94501",
      "large-image" : "img/menu/menu_2@2x.jpg",
      "name" : "Imported Salmon Steak",
      "position" : 1,
      "price" : 130.0,
      "small-image" : "img/menu/menu_2.jpg",
      "tax" : 7
    }, {
      "description" : "",
      "id" : "94502",
      "large-image" : "img/menu/menu_5@2x.jpg",
      "name" : "Crab and Curry Sources",
      "position" : 2,
      "price" : 190.0,
      "small-image" : "img/menu/menu_5.jpg",
      "tax" : 7
    }, {
      "description" : "",
      "id" : "94503",
      "large-image" : "img/menu/menu_8@2x.jpg",
      "name" : "Prawn Cassoulets",
      "position" : 3,
      "price" : 190.0,
      "small-image" : "img/menu/menu_8.jpg",
      "tax" : 7
    }, {
      "description" : "",
      "id" : "94504",
      "large-image" : "img/menu/menu_3@2x.jpg",
      "name" : "Baked Potato Pizza",
      "position" : 4,
      "price" : 60.0,
      "small-image" : "img/menu/menu_3.jpg",
      "tax" : 5
    } ],
    "position" : "3"
  }, {
    "categoryName" : "Desserts",
    "id" : "26584",
    "menuItems" : [ {
      "description" : "",
      "id" : "94201",
      "large-image" : "img/menu/menu_1@2x.jpg",
      "name" : "BlueBerry Pan Cakes",
      "position" : 1,
      "price" : 40.0,
      "small-image" : "img/menu/menu_1.jpg",
      "tax" : 3
    }, {
      "description" : "",
      "id" : "94202",
      "large-image" : "img/menu/menu_10@2x.jpg",
      "name" : "Chocolate Sundae Cupcakes ",
      "position" : 2,
      "price" : 30.0,
      "small-image" : "img/menu/menu_10.jpg",
      "tax" : 3
    }, {
      "description" : "",
      "id" : "94203",
      "large-image" : "img/menu/menu_9@2x.jpg",
      "name" : "Caramel Mocha Iced Coffee",
      "position" : 3,
      "price" : 60.0,
      "small-image" : "img/menu/menu_9.jpg",
      "tax" : 3
    } ],
    "position" : "4"
  } ],
  "restaurant-info" : {
    "id" : "121721",
    "logo" : "img/logo-spice-house.png",
    "name" : "Spice House",
    "rating" : "0.00"
  },
  "type" : "Restaurant Menu",
  "featuredDishes" : [ 
	{ 
      "id" : "94001",
	  "description" : "",      
      "name" : "Lemon RoseMary Pizza",
      "position" : 1,
      "price" : 90.0,
      "small-image" : "img/menu/gallery-img5.jpg",
	  "large-image" : "img/menu/gallery-img5.jpg",
      "tax" : 5    
	},
	{
	  "id" : "94002",
	  "description" : "",      
      "name" : "Lemon RoseMary Prawns",
      "position" : 2,
      "price" : 150.0,
      "small-image" : "img/menu/gallery-img1.jpg",
	  "large-image" : "img/menu/gallery-img1.jpg",
      "tax" : 5
	},
	{
	  "id" : "94003",
	  "description" : "",      
      "name" : "Grilled Korean Bulgogi Burger",
      "position" : 3,
      "price" : 120.0,
      "small-image" : "img/menu/gallery-img6.jpeg",
	  "large-image" : "img/menu/gallery-img6.jpeg",
      "tax" : 5
	}
	],
	"DishOfMonth": {
	  "id" : "94004",
	  "description" : "",      
      "name" : "Orange and Onion Salad",
      "position" : 4,
      "price" : 90.0,
      "small-image" : "img/dish_day.jpg",
	  "large-image" : "img/dish_day.jpg",
      "tax" : 5	  
	}
}