{
    "filters": [
        {
            "filterType": "Quick Filters",
            "filterOptions": [
                {
                    "name": "PureVeg",
                    "count": 1008,
                    "code":"PureVeg"
                },
                {
                    "name": "Free Delivery",
                    "count": 395,
                    "code":"FreeDelivery"
                },
                {
                    "name": "Online Payment",
                    "count": 544,
                    "code":"OnlinePayment"
                }
            ]
        },
        {
            "filterType": "Cuisine",
            "filterOptions": [
                {
                    "name": "North Indian",
                    "count": 1286,
                    "code":"NorthIndian"
                },
                {
                    "name": "Fast Food",
                    "count": 964,
                    "code":"FastFood"
                },
                {
                    "name": "Chinese",
                    "count": 853,
                    "code":"Chinese"
                },
                {
                    "name": "Desserts",
                    "count": 507,
                    "code":"Desserts"
                },
                {
                    "name": "Biryani",
                    "count": 448,
                    "code":"Biryani"
                },
                {
                    "name": "South Indian",
                    "count": 431,
                    "code":"SouthIndian"
                },
                {
                    "name": "Beverages",
                    "count": 386,
                    "code":"Beverages"
                }
            ]
        },
        {
            "filterType": "Delivery Time",
            "filterOptions": [
                {
                    "name": "Up to 30 minutes",
                    "count": 675,
                    "code":"Upto30minutes"
                },
                {
                    "name": "Up to 45 minutes",
                    "count": 3129,
                    "code":"Upto45minutes"
                },
                {
                    "name": "Up to 60 minutes",
                    "count": 3885,
                    "code":"Upto60minutes"
                }
            ]
        },
        {
            "filterType": "Cost for two",
            "filterOptions": [
                {
                    "name": "Less than ₹250",
                    "count": 610,
                    "code":"Lessthan250"
                },
                {
                    "name": "₹250 to ₹500",
                    "count": 616,
                    "code":"upto500"
                },
                {
                    "name": "₹500 to ₹1,000",
                    "count": 1533,
                    "code":"upto1000"
                },
                {
                    "name": "₹1,000 +",
                    "count": 114,
                    "code":"upto1500"
                }
            ]
        },
        {
            "filterType": "Minimum Order",
            "filterOptions": [
                {
                    "name": "No minimum order",
                    "count": 1616,
                    "code":"Nominimumorder1616"
                },
                {
                    "name": "Up to ₹150",
                    "count": 3678,
                    "code":"Upto1503678"
                },
                {
                    "name": "Up to ₹250",
                    "count": 3886,
                    "code":"Upto2503886"
                },
                {
                    "name": "Up to ₹500",
                    "count": 3932,
                    "code":"Upto5003932"
                }
            ]
        }
    ],
    "restaurants": [
        {
            "name": "Burger King",
            "source":"img/meals1.jpg",
            "type":"Free Delivery",
            "cuisine":"Fast Food",
            "deliveryTime":"Delivery in 30 min",
            "cost":"₹500",
            "filtercodes":"FreeDelivery,FastFood,Upto30minutes,upto500"
        },
        {
            "name": "Krishna Sagar",
            "source":"img/meals2.jpg",
            "type":"Pure Veg",
            "cuisine":"North Indian",
            "deliveryTime":"Delivery in 45 min",
            "cost":"₹250",
            "filtercodes":"PureVeg,NorthIndian,Upto45minutes,Lessthan250"
        },
        {
            "name": "Fassos",
            "source":"img/meals3.jpg",
            "type":"Online Payment",
            "cuisine":"Chinese",
            "deliveryTime":"Delivery in 60 min",
            "cost":"₹1000",
            "filtercodes":"OnlinePayment,Chinese,Upto45minutes,upto1000"
        },
        {
            "name": "Shanthi Sagar",
            "source":"img/meals4.jpg",
            "type":" Pure Veg",
            "cuisine":"South Indian",
            "deliveryTime":"Delivery in 30 min",
            "cost":"₹500",
            "filtercodes":"PureVeg,SouthIndian,Upto30minutes,upto500"
        },
        {
            "name": "KFC",
            "source":"img/meals1.jpg",
            "type":"Free Delivery",
            "cuisine":"Fast Food",
            "deliveryTime":"Delivery in 30 min",
            "cost":"₹500",
            "filtercodes":"FreeDelivery,FastFood,Upto30minutes,upto500"
        },
        {
            "name": "A2B",
            "source":"img/meals2.jpg",
            "type":"Pure Veg",
            "cuisine":"North Indian",
            "deliveryTime":"Delivery in 45 min",
            "cost":"₹250",
            "filtercodes":"PureVeg,NorthIndian,Upto45minutes,Lessthan250"
        },
        {
            "name": "Fassos",
            "source":"img/meals3.jpg",
            "type":"Online Payment",
            "cuisine":"Chinese",
            "deliveryTime":"Delivery in 60 min",
            "cost":"₹1000",
            "filtercodes":"OnlinePayment,Chinese,Upto45minutes,upto1000"
        }
    ]
}