{
	"categories": [
		{
			"cat_id": 1,
			"cat_name": "Main"
		},
		{
			"cat_id": 2,
			"cat_name": "Beverages"
		},
		{
			"cat_id": 3,
			"cat_name": "Chicken"
		},
		{
			"cat_id": 4,
			"cat_name": "Burgers"
		},
		{
			"cat_id": 5,
			"cat_name": "Snacks"
		},
		{
			"cat_id": 6,
			"cat_name": "Featured"
		}
	],
	"types": [
		{
			"type_id": 1,
			"type_name": "Veg"
		},
		{
			"type_id": 2,
			"type_name": "Non Veg"
		}
	],
	"tax": [
		{
			"cat_id": 1,
			"tax_percent": 5
		},
		{
			"cat_id": 2,
			"tax_percent": 12
		},
		{
			"cat_id": 3,
			"tax_percent": 5
		},
		{
			"cat_id": 4,
			"tax_percent": 5
		},
		{
			"cat_id": 5,
			"tax_percent": 12
		},
		{
			"cat_id": 6,
			"tax_percent": 5
		}
	],
	"products": [
		 {
			"prod_id": 101,
			"cat_id": 2,
			"type_id": 1,
			"prod_img":"img/mango-delight.jpg",
			"prod_img_alt":"Mango Delight",
			"prod_name": "Mango Delight",
			"prod_desc": "Mango delight is a delicious mango drink, made naturally with mango juice, fresh lime juice and soda water for a fun mocktail that everyone will love!",
			"prod_price": 159,
			"count":0
		},
		{
			"prod_id": 102,
			"cat_id": 2,
			"type_id": 1,
			"prod_img":"img/beverage2.jpg",
			"prod_img_alt":"fresh cranberry",
			"prod_name": "Fresh Cranberry",
			"prod_desc": "Cranberry mocktail beverage juice with ice",
			"prod_price": 159,
			"count":0
		},
		{
			"prod_id": 103,
			"cat_id": 2,
			"type_id": 1,
			"prod_img":"img/beverages.jpg",
			"prod_img_alt":"mocktail magic",
			"prod_name": "Mocktail Magic",
			"prod_desc": "A Mocktail drink with sliced lemon cucumber and grape fruits",
			"prod_price": 159,
			"count":0
		},
		
		
		{
			"prod_id": 104,
			"cat_id": 2,
			"type_id": 1,
			"prod_img":"img/beverage1.jpg",
			"prod_img_alt":"Grapes Delight",
			"prod_name": "Grapes Delight",
			"prod_desc": "Grapes delight is a delicious grape and lime sparkling drink, made naturally with grape juice, fresh lime juice and soda water for a fun mocktail that everyone will love!",
			"prod_price": 159,
			"count":0
		},
		{
			"prod_id": 104,
			"cat_id": 1,
			"type_id": 1,
			"prod_img":"img/main2.JPG",
			"prod_img_alt":"paneer rice",
			"prod_name": "Paneer Rice ",
			"prod_desc": "Memphis BBQ Burrito Bowl with Peri-Peri Paneer, Corn-Bean Rice, Stuffed Potato and Sour Cream",
			"prod_price": 159,
			"count":0
		},
		{
			"prod_id": 106,
			"cat_id": 1,
			"type_id": 1,
			"prod_img":"img/main.jpg",
			"prod_img_alt":"thai rice",
			"prod_name": "Thai Rice",
			"prod_desc": "Thai Green-Curry 'n' Steamed Rice with Cottage Cheese, Snow Pea, Potato, Zucchini, Baby Corn and Basil",
			"prod_price": 159,
			"count":0
		},
		
		{
			"prod_id": 107,
			"cat_id": 1,
			"type_id": 2,
			"prod_img":"img/main1.JPG",
			"prod_img_alt":"Chicken Biriyani",
			"prod_name": "Chicken Biriyani",
			"prod_desc": "Chicken Kofta Biriyani with Cucumber-Tomato Raita",
			"prod_price": 159,
			"count":0
		},
		{
			"prod_id": 108,
			"cat_id": 1,
			"type_id": 2,
			"prod_img":"img/main4.jpg",
			"prod_img_alt":"Chicken Steak Bowl",
			"prod_name": "Chicken Steak Bowl",
			"prod_desc": "Andhra Chicken Steak Bowl with Guntur Chilli Paste, Spicy Tomato Curry Sauce and Mixed-Veg Pulao",
			"prod_price": 159,
			"count":0
		},
		{
			"prod_id": 109,
			"cat_id": 4,
			"type_id": 2,
			"prod_img":"img/burger3.jpg",
			"prod_img_alt":"Lamb Burger",
			"prod_name": "Lamb Burger",
			"prod_desc": "Big Joe Lamb Burger with Lettuce, Cheddar and Ranch",
			"prod_price": 159,
			"count":0
		},
		{
			"prod_id": 110,
			"cat_id": 4,
			"type_id": 2,
			"prod_img":"img/burger2.JPG",
			"prod_img_alt":"Churrasco Chicken Burger",
			"prod_name": "Churrasco Chicken Burger",
			"prod_desc": "Brazilian Churrasco Chicken Burger with Nutmeg, Cinnamon, Basil, Ranch and Golden-Fried Potato Wedges",
			"prod_price": 159,
			"count":0
		},
		{
			"prod_id": 111,
			"cat_id": 4,
			"type_id": 1,
			"prod_img":"img/burger1.jpg",
			"prod_img_alt":"Cheese Burger",
			"prod_name": "Cheese Burger",
			"prod_desc": "A cheeseburger with lettuce, tomato, onions, and avocado on a small plate in Limassol",
			"prod_price": 159,
			"count":0
		},
		{
			"prod_id": 112,
			"cat_id": 3,
			"type_id": 2,
			"prod_img":"img/chicken2.jpg",
			"prod_img_alt":"Teriyaki Chicken",
			"prod_name": "Teriyaki Chicken",
			"prod_desc": "Teriyaki Chicken Stir-Fry with Batter-Fried Chicken, Bell Pepper and Teriyaki Sauce",
			"prod_price": 159,
			"count":0
		},
		{
			"prod_id": 113,
			"cat_id": 3,
			"type_id": 2,
			"prod_img":"img/chicken1.jpg",
			"prod_img_alt":"Chicken Lollipops",
			"prod_name": "Chicken Lollipops",
			"prod_desc": "Chilli Chicken Lollipops with Crumb-Fried Chicken Wings and Green Chilli-Infused Hot Sauce",
			"prod_price": 159,
			"count":0
		},
		{
			"prod_id": 114,
			"cat_id": 3,
			"type_id": 2,
			"prod_img":"img/chicken3.jpg",
			"prod_img_alt":"Keto Chicken Steak",
			"prod_name": "Keto Chicken Steak",
			"prod_desc": "Tennessee Keto Chicken Steak with Buttered Assorted Veggies and Tennessee Sauce",
			"prod_price": 159,
			"count":0
		},
		{
			"prod_id": 115,
			"cat_id": 5,
			"type_id": 1,
			"prod_img":"img/snacks1.jpg",
			"prod_img_alt":"butter jam toast",
			"prod_name": "Butter Jam Toast",
			"prod_desc": "Toasted Russian sandwich with butter and jam",
			"prod_price": 159,
			"count":0
		},
		{
			"prod_id": 116,
			"cat_id": 5,
			"type_id": 1,
			"prod_img":"img/snacks2.jpg",
			"prod_img_alt":"sandwich",
			"prod_name": "Sandwich",
			"prod_desc": "A sandwich with meats, lettuce, cheese, and bread",
			"prod_price": 159,
			"count":0
		},
		{
			"prod_id": 117,
			"cat_id": 5,
			"type_id": 1,
			"prod_img":"img/photo-snacks.jpg",
			"prod_img_alt":"club sandwich",
			"prod_name": "Club Sandwich",
			"prod_desc": "A club sandwich with tomato, lettuce, egg, bacon, mayonnaise, and turkey",
			"prod_price": 159,
			"count":0
		},
		{
			"prod_id": 118,
			"cat_id": 6,
			"type_id": 1,
			"prod_img":"img/brenda-godinez-228182-unsplash.jpg",
			"prod_img_alt":"Powerup Fruit Parfait",
			"prod_name": "Powerup Fruit Parfait",
			"prod_desc": "Powerup Fruit Parfait with Yogurt, Fresh Seasonal Fruits and Home-Made Muesli!",
			"prod_price": 159,
			"count":0
		},
		{
			"prod_id": 119,
			"cat_id": 6,
			"type_id": 2,
			"prod_img":"img/photo-featured2.jpg",
			"prod_img_alt":"Spanish Paella",
			"prod_name": "Spanish Paella",
			"prod_desc": "Pot of Spanish paella with shrimp, rice, sausage, and peppers for dinner!",
			"prod_price": 159,
			"count":0
		},
		{
			"prod_id": 120,
			"cat_id": 6,
			"type_id": 1,
			"prod_img":"img/photo-featured3.jpg",
			"prod_img_alt":"fruit and oatmeal",
			"prod_name": "Fruit and Oatmeal",
			"prod_desc": "Flat lay of healthy breakfast with bowls of fruit and oatmeal!",
			"prod_price": 159,
			"count":0
		}
	]
}